date;India;US;Canada;Germany;Australia;Singapore
2020-01-22;0;1;0;0;0;0
2020-01-23;0;1;2;0;0;1
2020-01-24;0;2;3;0;0;3
2020-01-25;0;2;3;0;0;3
2020-01-26;0;5;3;0;4;4
2020-01-27;0;5;3;1;5;5
2020-01-28;0;5;4;4;5;7
2020-01-29;0;6;4;4;6;7
2020-01-30;1;6;4;4;9;10
2020-01-31;1;8;4;5;9;13
2020-02-01;1;8;4;8;12;16
2020-02-02;2;8;4;10;12;18
2020-02-03;3;11;4;12;12;18
2020-02-04;3;11;5;12;13;24
2020-02-05;3;11;6;12;13;28
2020-02-06;3;12;6;12;14;28
2020-02-07;3;12;8;13;15;30
2020-02-08;3;12;8;13;15;33
2020-02-09;3;12;8;14;15;40
2020-02-10;3;12;9;14;15;45
2020-02-11;3;13;9;16;15;47
2020-02-12;3;13;9;16;15;50
2020-02-13;3;14;9;16;15;58
2020-02-14;3;14;9;16;15;67
2020-02-15;3;14;9;16;15;72
2020-02-16;3;14;9;16;15;75
2020-02-17;3;14;10;16;15;77
2020-02-18;3;14;10;16;15;81
2020-02-19;3;14;10;16;15;84
2020-02-20;3;14;11;16;15;84
2020-02-21;3;16;13;16;15;85
2020-02-22;3;16;14;16;15;85
2020-02-23;3;16;15;16;15;89
2020-02-24;3;16;16;16;15;89
2020-02-25;3;16;19;16;15;91
2020-02-26;3;16;20;21;15;93
2020-02-27;3;17;22;26;15;93
2020-02-28;3;17;28;53;15;93
2020-02-29;3;25;33;66;25;102
2020-03-01;3;32;38;117;27;106
2020-03-02;5;55;45;150;30;108
2020-03-03;5;74;51;188;39;110
2020-03-04;28;107;59;240;52;110
2020-03-05;30;184;71;349;55;117
2020-03-06;31;237;90;534;60;130
2020-03-07;34;403;98;684;63;138
2020-03-08;39;519;120;847;76;150
2020-03-09;43;594;144;1112;91;150
2020-03-10;56;782;165;1296;107;160
2020-03-11;62;1147;228;1567;128;178
2020-03-12;73;1586;289;2369;128;178
2020-03-13;82;2219;386;3062;200;200
2020-03-14;102;2978;453;3795;250;212
2020-03-15;113;3212;549;4838;297;226
2020-03-16;119;4679;700;6012;377;243
2020-03-17;142;6512;854;7156;452;266
2020-03-18;156;9169;1097;8198;568;313
2020-03-19;194;13663;1349;10999;681;345
2020-03-20;244;20030;1692;13957;791;385
2020-03-21;330;26025;2195;16662;1071;432
2020-03-22;396;34944;2652;18610;1549;455
2020-03-23;499;46096;3298;22672;1682;509
2020-03-24;536;56714;3997;27436;2044;558
2020-03-25;657;68841;4570;31554;2364;631
2020-03-26;727;86662;5511;36508;2810;683
2020-03-27;887;105253;6380;42288;3143;732
2020-03-28;987;127417;7310;48582;3640;802
2020-03-29;1024;143544;8246;52547;3984;844
2020-03-30;1251;165698;9478;57298;4361;879
2020-03-31;1397;192079;10711;61913;4559;926
2020-04-01;1998;223254;12023;67366;4862;1000
2020-04-02;2543;255530;13742;73522;5116;1049
2020-04-03;2567;287931;15074;79696;5330;1114
2020-04-04;3082;319776;16410;85778;5550;1189
2020-04-05;3588;349016;17599;91714;5687;1309
2020-04-06;4778;380798;19100;95391;5797;1375
2020-04-07;5311;410834;20488;99225;5895;1481
2020-04-08;5916;441897;21724;103228;6010;1623
2020-04-09;6725;477507;23104;108202;6108;1910
2020-04-10;7598;511790;24248;113525;6215;2108
2020-04-11;8446;540714;25624;117658;6303;2299
2020-04-12;9205;567022;26966;120479;6315;2532
2020-04-13;10453;594165;28763;123016;6351;2918
2020-04-14;11487;622493;30452;125098;6415;3252
2020-04-15;12322;648390;32199;127584;6440;3699
2020-04-16;13430;678028;33965;130450;6462;4427
2020-04-17;14352;711135;36091;133830;6522;5050
2020-04-18;15722;738464;37617;137439;6568;5992
2020-04-19;17615;763886;39317;139897;6610;6588
2020-04-20;18539;793970;41029;141672;6623;8014
2020-04-21;20080;820045;42619;143457;6645;9125
2020-04-22;21370;849926;44465;145694;6652;10141
2020-04-23;23077;881891;46274;148046;6662;11178
2020-04-24;24530;913856;47914;150383;6677;12075
2020-04-25;26283;944770;49496;152438;6694;12693
2020-04-26;27890;970741;50707;154175;6714;13624
2020-04-27;29451;995391;52363;155193;6721;14423
2020-04-28;31324;1019964;53886;156337;6744;14951
2020-04-29;33062;1046816;55575;157641;6752;15641
2020-04-30;34863;1076518;57214;159119;6766;16169
2020-05-01;37257;1111410;59025;160758;6778;17101
2020-05-02;39699;1138174;60381;161703;6799;17548
2020-05-03;42505;1161907;61640;162496;6822;18205
2020-05-04;46437;1185709;63016;163175;6847;18778
2020-05-05;49400;1209729;64411;163860;6875;19410
2020-05-06;52987;1234211;65927;164807;6894;20198
2020-05-07;56351;1261950;67198;166091;6913;20939
2020-05-08;59695;1289133;68398;167300;6918;21707
2020-05-09;62808;1313587;69544;168551;6939;22460
2020-05-10;67161;1332334;70582;169218;6948;23336
2020-05-11;70768;1351411;71606;169575;6970;23822
2020-05-12;74292;1374792;72723;170508;6980;24671
2020-05-13;78055;1394807;73950;171306;6989;25346
2020-05-14;81997;1420697;75060;172239;7019;26098
2020-05-15;85784;1445548;76331;173152;7035;26891
2020-05-16;90648;1469598;77486;173772;7044;27356
2020-05-17;95698;1488327;78694;174355;7054;28038
2020-05-18;100328;1510635;79780;174697;7068;28343
2020-05-19;106475;1531138;80782;175210;7072;28794
2020-05-20;112028;1553966;82038;176007;7081;29364
2020-05-21;118226;1579118;83153;176752;7095;29812
2020-05-22;124794;1602947;84243;177212;7099;30426
2020-05-23;131423;1623136;85150;177850;7114;31068
2020-05-24;138536;1643310;86103;178281;7114;31616
2020-05-25;144950;1662404;87067;178570;7126;31960
2020-05-26;150793;1681130;87834;179002;7139;32343
2020-05-27;158086;1699893;88719;179364;7150;32876
2020-05-28;165386;1721160;89506;179717;7165;33249
2020-05-29;173491;1746242;90575;180458;7184;33860
2020-05-30;181827;1769322;91337;181196;7192;34366
2020-05-31;190609;1788241;92067;181482;7202;34884
2020-06-01;198370;1806081;92863;181815;7221;35292
2020-06-02;207191;1826171;93490;182028;7229;35836
2020-06-03;216824;1845327;94172;182370;7240;36405
2020-06-04;226713;1873261;94754;182764;7247;36922
2020-06-05;236184;1899701;95281;183271;7252;37183
2020-06-06;246622;1919970;95805;183678;7259;37527
2020-06-07;257486;1937796;96217;183979;7265;37910
2020-06-08;265928;1954696;96668;184193;7267;38296
2020-06-09;276146;1975017;97102;184543;7274;38514
2020-06-10;286605;1996735;97592;184861;7285;38965
2020-06-11;297535;2019013;98004;185416;7289;39387
2020-06-12;308993;2044571;98465;185674;7294;39850
2020-06-13;320922;2068728;98806;186022;7320;40197
2020-06-14;332424;2087629;99108;186269;7335;40604
2020-06-15;343091;2108628;99485;186461;7347;40818
2020-06-16;354065;2133177;99844;186839;7370;40969
2020-06-17;366946;2160227;100232;187184;7391;41216
2020-06-18;380532;2188454;100638;187764;7409;41473
2020-06-19;395048;2219508;101026;188534;7411;41615
2020-06-20;410451;2251334;101341;189135;7461;41833
2020-06-21;425282;2277170;101649;189822;7474;42095
2020-06-22;440215;2306971;102004;190359;7492;42313
2020-06-23;456183;2345700;102322;190862;7521;42432
2020-06-24;473105;2381951;102642;191449;7558;42623
2020-06-25;490401;2421250;102936;192079;7595;42736
2020-06-26;508953;2470296;103263;192556;7601;42955
2020-06-27;528859;2511050;103665;193243;7686;43246
2020-06-28;548318;2553975;103978;193499;7764;43459
2020-06-29;566840;2595272;104274;193761;7834;43661
2020-06-30;585481;2645097;104608;194259;7920;43907
2020-07-01;604641;2694220;104830;194725;8001;44122
2020-07-02;625544;2749163;105179;195228;8066;44310
2020-07-03;648315;2800668;105497;195674;8260;44479
2020-07-04;673165;2846614;105725;196096;8443;44664
2020-07-05;697413;2900342;105882;196335;8583;44800
2020-07-06;719664;2943508;106234;196554;8755;44983
2020-07-07;742417;3000739;106547;196944;8886;45140
2020-07-08;767296;3061045;106868;197341;9056;45298
2020-07-09;793802;3120701;107202;197783;9374;45423
2020-07-10;820916;3189561;107550;198178;9553;45614
2020-07-11;849522;3250000;107790;198556;9797;45783
2020-07-12;878254;3310132;108004;198804;9980;45961
2020-07-13;906752;3369496;108546;198963;10251;46283
2020-07-14;936181;3435158;108972;199375;10487;46630
2020-07-15;968857;3501184;109378;199726;10810;46878
2020-07-16;1003832;3571998;109860;200260;11233;47126
2020-07-17;1039084;3638470;110389;200843;11441;47453
2020-07-18;1077781;3702792;110773;201372;11802;47655
2020-07-19;1118206;3761724;111026;201574;12069;47912
2020-07-20;1155338;3822387;111821;201823;12428;48035
2020-07-21;1193078;3890581;112281;202345;12894;48434
2020-07-22;1238798;3958126;112663;202799;13302;48744
2020-07-23;1288108;4026012;113399;203368;13595;49098
2020-07-24;1337024;4101159;113836;204183;13950;49375
2020-07-25;1385635;4165359;114172;204964;14403;49888
2020-07-26;1435616;4221198;114479;205269;14935;50369
2020-07-27;1480073;4280922;115110;205609;15303;50838
2020-07-28;1531669;4345753;115487;206242;15582;51197
2020-07-29;1581963;4409882;115988;206926;16298;51531
2020-07-30;1634746;4479123;116434;207828;16903;51809
2020-07-31;1695988;4543699;116886;208698;17280;52205
2020-08-01;1750723;4601277;117140;209653;17895;52512
2020-08-02;1803695;4648386;117324;209893;18318;52825
2020-08-03;1855745;4690070;117591;210402;18730;53051
2020-08-04;1908254;4751727;118280;211281;19445;53346
2020-08-05;1964536;4806075;118638;212022;19890;54254
2020-08-06;2027074;4866254;118971;213067;20272;54555
2020-08-07;2088611;4926841;119413;214214;20698;54797
2020-08-08;2153010;4990774;119652;215336;21084;54929
2020-08-09;2215074;5045041;119875;215891;21397;55104
2020-08-10;2268675;5096658;120458;216327;21713;55292
2020-08-11;2329638;5153612;120820;217293;22127;55353
2020-08-12;2396637;5208856;121153;218519;22358;55395
2020-08-13;2461190;5260512;121647;219964;22742;55497
2020-08-14;2525922;5330637;122059;221413;23035;55580
2020-08-15;2589952;5383031;122269;222828;23287;55661
2020-08-16;2647663;5417693;122444;223453;23558;55747
2020-08-17;2702681;5455542;122648;224014;23773;55838
2020-08-18;2767253;5500444;123551;225404;23989;55938
2020-08-19;2836925;5546328;123906;226914;24236;56031
2020-08-20;2905825;5591456;124152;228621;24407;56099
2020-08-21;2975701;5639047;124857;230048;24602;56216
2020-08-22;3044940;5684719;125060;232082;24811;56266
2020-08-23;3106348;5716630;125323;232864;24915;56353
2020-08-24;3167323;5750553;126064;233575;25053;56404
2020-08-25;3224547;5793226;126435;234853;25204;56435
2020-08-26;3310234;5835299;126919;236429;25322;56495
2020-08-27;3387500;5885817;127394;237936;25448;56572
2020-08-28;3463972;5932287;127956;239507;25547;56666
2020-08-29;3542733;5975390;128283;240986;25670;56717
2020-08-30;3621245;6009521;128561;241771;25746;56771
2020-08-31;3691166;6042883;129594;242381;25819;56812
2020-09-01;3769523;6084862;130131;243599;25923;56852
2020-09-02;3853406;6124823;130698;244855;26049;56860
2020-09-03;3936747;6169964;131350;246166;26136;56908
2020-09-04;4023179;6218298;131988;247619;26207;56948
2020-09-05;4113811;6261921;132368;248997;26278;56982
2020-09-06;4204613;6291040;132799;249985;26321;57022
2020-09-07;4280422;6315603;133216;250799;26373;57044
2020-09-08;4370128;6342347;134694;252298;26465;57091
2020-09-09;4465863;6375987;135200;253474;26524;57166
2020-09-10;4562414;6415435;136182;255366;26564;57229
2020-09-11;4659984;6460058;136997;256850;26607;57315
2020-09-12;4754356;6505641;137636;258480;26651;57357
2020-09-13;4846427;6545932;138212;259428;26692;57406
2020-09-14;4930236;6578496;139541;260355;26739;57454
2020-09-15;5020359;6615674;140471;261762;26778;57488
2020-09-16;5118253;6653966;141475;263663;26813;57514
2020-09-17;5214677;6699284;142590;265857;26861;57532
2020-09-18;5308014;6749468;143871;267773;26885;57543
2020-09-19;5400619;6795246;144837;270070;26898;57558
2020-09-20;5487580;6836856;145771;271415;26912;57576
2020-09-21;5562663;6868899;147451;272337;26942;57606
2020-09-22;5646010;6907170;148664;274158;26972;57627
2020-09-23;5732518;6948290;150089;275927;26980;57639
2020-09-24;5818570;6997173;151519;278070;27000;57654
2020-09-25;5903932;7044309;153313;280223;27016;57665
2020-09-26;5992532;7087856;154946;282730;27040;57685
2020-09-27;6074702;7121635;156404;284140;27044;57700
2020-09-28;6145291;7159375;158607;285332;27055;57715
2020-09-29;6225763;7201407;160539;287421;27078;57742
2020-09-30;6312584;7240039;162560;289219;27096;57765
2020-10-01;6394068;7286282;164444;291722;27109;57784
2020-10-02;6473544;7339725;166611;294395;27121;57794
2020-10-03;6549373;7389006;168372;296958;27135;57800
2020-10-04;6623815;7422136;170033;299237;27148;57812
2020-10-05;6685082;7459493;172452;300619;27173;57819
2020-10-06;6757131;7504039;174611;303258;27181;57830
2020-10-07;6835655;7553176;176719;306086;27206;57840
2020-10-08;6906151;7611066;179121;310144;27226;57849
2020-10-09;6979423;7666145;181576;314660;27244;57859
2020-10-10;7053806;7721512;183330;319381;27263;57866
2020-10-11;7120538;7768412;185227;322864;27285;57876
2020-10-12;7175880;7810492;186752;325331;27310;57880
2020-10-13;7239389;7860615;190222;329453;27337;57884
2020-10-14;7307097;7919057;192761;334585;27357;57889
2020-10-15;7370468;7982595;195254;341223;27371;57892
2020-10-16;7432680;8052769;197694;348557;27378;57901
2020-10-17;7494551;8107601;199477;356387;27390;57904
2020-10-18;7550273;8159771;201410;361974;27399;57911
2020-10-19;7597063;8227653;204551;366299;27405;57915
2020-10-20;7651107;8289390;207028;373167;27443;57921
2020-10-21;7706946;8350096;209687;380762;27458;57933
2020-10-22;7761312;8429717;212235;392049;27476;57941
2020-10-23;7814682;8511376;215340;403291;27495;57951
2020-10-24;7864811;8589751;217354;418005;27513;57965
2020-10-25;7909959;8650726;219284;429181;27525;57970
2020-10-26;7946429;8715290;223514;437866;27539;57973
2020-10-27;7990322;8792513;226263;449275;27553;57980
2020-10-28;8040203;8878990;229139;464239;27565;57987
2020-10-29;8088851;8970283;232095;481013;27579;57994
2020-10-30;8137119;9070130;235522;499694;27585;58003
2020-10-31;8184082;9157473;237844;518753;27595;58015
2020-11-01;8229313;9235303;240361;532930;27601;58019
2020-11-02;8267623;9317109;243665;545027;27610;58020
2020-11-03;8313876;9441875;248386;560379;27622;58029
2020-11-04;8364086;9542136;251245;577593;27630;58036
2020-11-05;8411724;9670217;255285;597583;27644;58043
2020-11-06;8462080;9797272;260094;619089;27652;58047
2020-11-07;8507754;9924336;264324;642488;27658;58054
2020-11-08;8553657;10044009;268276;658505;27665;58056
2020-11-09;8591730;10160964;273167;671868;27669;58064
2020-11-10;8636011;10297518;277808;687200;27671;58073
2020-11-11;8683916;10445200;281928;705687;27675;58091
2020-11-12;8728795;10603995;287419;727553;27676;58102
2020-11-13;8773479;10783514;292283;751095;27682;58114
2020-11-14;8814579;10947564;296568;773556;27711;58116
2020-11-15;8845127;11087279;300673;790503;27749;58119
2020-11-16;8874290;11240367;306491;801327;27758;58124
2020-11-17;8912907;11405015;310914;815746;27777;58130
2020-11-18;8958483;11576984;315628;833307;27785;58135
2020-11-19;9004365;11769284;320643;855916;27792;58139
2020-11-20;9050597;11970952;325716;879564;27806;58143
2020-11-21;9095806;12150771;330545;902528;27821;58148
2020-11-22;9139865;12297358;335179;918269;27834;58160
2020-11-23;9177840;12478869;341951;929133;27843;58165
2020-11-24;9222216;12652431;347381;942687;27853;58183
2020-11-25;9266705;12832643;353026;961320;27865;58190
2020-11-26;9309787;12949892;358888;983588;27873;58195
2020-11-27;9351109;13164526;364757;1006394;27886;58199
2020-11-28;9392919;13332750;370341;1028089;27892;58205
2020-11-29;9431691;13473101;375794;1042700;27902;58213
2020-11-30;9462809;13628015;383468;1053869;27912;58218
2020-12-01;9499413;13825131;389268;1067473;27923;58228
2020-12-02;9534964;14021291;395636;1084743;27939;58230
2020-12-03;9571559;14241510;402165;1106789;27949;58239
2020-12-04;9608211;14476879;408988;1130238;27956;58242
2020-12-05;9644222;14698887;415171;1153556;27965;58255
2020-12-06;9677203;14878212;421102;1171323;27972;58260
2020-12-07;9703770;15073671;428917;1183655;27987;58273
2020-12-08;9735850;15300726;435178;1197709;27993;58285
2020-12-09;9767371;15516732;441542;1218524;28000;58291
2020-12-10;9796744;15753677;448106;1242203;28011;58297
2020-12-11;9826775;15992578;455124;1272078;28025;58305
2020-12-12;9857029;16217115;461299;1300516;28030;58313
2020-12-13;9884100;16408708;467291;1320716;28037;58320
2020-12-14;9906165;16618531;475836;1337078;28048;58325
2020-12-15;9932547;16844844;482187;1351510;28060;58341
2020-12-16;9956557;17079647;489005;1379238;28072;58353
2020-12-17;9979447;17319893;496390;1406161;28093;58377
2020-12-18;10004599;17567839;503584;1439938;28126;58386
2020-12-19;10031223;17773691;509757;1471238;28168;58403
2020-12-20;10055560;17960885;515826;1494009;28198;58422
2020-12-21;10075116;18157739;523454;1510652;28219;58432
2020-12-22;10099066;18363670;529978;1530180;28237;58461
2020-12-23;10123778;18585107;536667;1554920;28262;58482
2020-12-24;10146845;18798055;543020;1587115;28274;58495
2020-12-25;10169118;18925234;548944;1612648;28297;58509
2020-12-26;10187850;19142672;554321;1627103;28308;58519
2020-12-27;10207871;19278635;559865;1640858;28337;58524
2020-12-28;10224303;19451935;566135;1651834;28349;58529
2020-12-29;10244852;19657909;575540;1664726;28381;58542
2020-12-30;10266674;19876203;583254;1687185;28405;58569
2020-12-31;10286709;20191291;590249;1719737;28425;58599
2021-01-01;10305788;20370188;596582;1742661;28460;58629
2021-01-02;10323965;20642467;602396;1755351;28484;58662
2021-01-03;10340469;20845869;612021;1765666;28504;58697
2021-01-04;10356844;21031371;621738;1775513;28517;58721
2021-01-05;10374932;21264230;629266;1787410;28536;58749
2021-01-06;10395278;21523988;638177;1808647;28546;58780
2021-01-07;10413417;21810231;647408;1835038;28571;58813
2021-01-08;10413417;22114294;656298;1866887;28582;58836
2021-01-09;10450284;22379024;663188;1891581;28595;58865
2021-01-10;10466595;22589866;669592;1908527;28614;58907
2021-01-11;10479179;22793829;677012;1921024;28634;58929
2021-01-12;10495147;23015643;683815;1933826;28650;58946
2021-01-13;10512093;23244975;690906;1953426;28660;58984
2021-01-14;10527683;23480547;697925;1978590;28669;59029
2021-01-15;10542841;23725550;704874;2000958;28689;59059
2021-01-16;10557985;23943240;710675;2019636;28708;59083
2021-01-17;10571773;24119795;715559;2033518;28721;59113
2021-01-18;10581823;24260618;721604;2040659;28731;59127
2021-01-19;10595639;24417505;726920;2052028;28740;59157
2021-01-20;10610883;24604885;732754;2068002;28749;59197
2021-01-21;10625428;24797436;738597;2088400;28755;59235
2021-01-22;10639684;24989204;744265;2106262;28760;59250
2021-01-23;10654533;25167377;748567;2122679;28766;59260
2021-01-24;10667736;25307520;752507;2134936;28777;59308
2021-01-25;10676838;25437119;757859;2141665;28780;59352
2021-01-26;10689527;25588125;762223;2148077;28786;59366
2021-01-27;10701193;25743581;766674;2161275;28794;59391
2021-01-28;10720048;25910340;771318;2178828;28799;59425
2021-01-29;10733130;26074081;776006;2192850;28806;59449
2021-01-30;10746174;26225020;779709;2205171;28811;59507
2021-01-31;10757610;26337877;782912;2216363;28818;59536
2021-02-01;10766245;26463191;786923;2221971;28823;59565
2021-02-02;10777284;26580221;790553;2228085;28829;59584
2021-02-03;10790183;26704591;794154;2237790;28838;59602
2021-02-04;10802591;26829620;798083;2252001;28842;59624
2021-02-05;10814304;26960729;802047;2264909;28848;59649
2021-02-06;10826363;27077586;805018;2275394;28851;59675
2021-02-07;10838194;27167014;807596;2284010;28857;59699
2021-02-08;10847304;27249811;811102;2288545;28860;59721
2021-02-09;10858371;27345192;814050;2291924;28871;59732
2021-02-10;10871294;27440473;817659;2299996;28879;59747
2021-02-11;10880603;27547244;821035;2310233;28887;59759
2021-02-12;10892746;27647824;824345;2320093;28892;59777
2021-02-13;10904940;27738580;826866;2328447;28898;59786
2021-02-14;10916589;27806888;829076;2334561;28900;59800
2021-02-15;10925710;27862336;831044;2338987;28905;59809
2021-02-16;10937320;27921557;835022;2342843;28911;59810
2021-02-17;10950201;27990403;837883;2350399;28912;59821
2021-02-18;10963394;28062983;841333;2360606;28918;59832
2021-02-19;10977387;28138141;844478;2369719;28920;59846
2021-02-20;10991651;28211923;847051;2378883;28926;59858
2021-02-21;11005850;28267188;849459;2386559;28930;59869
2021-02-22;11016434;28322670;853033;2390928;28937;59879
2021-02-23;11030176;28396527;856056;2394811;28939;59883
2021-02-24;11046914;28471552;859115;2402818;28947;59890
2021-02-25;11063491;28548831;862268;2414687;28957;59900
2021-02-26;11079979;28624249;865383;2424684;28965;59913
2021-02-27;11096731;28695537;867885;2434446;28970;59925
2021-02-28;11112241;28747301;870022;2442336;28978;59936
2021-03-01;11124527;28797741;873534;2447068;28986;59948
2021-03-02;11139516;28856159;876588;2451011;28996;59956
2021-03-03;11156923;28923209;879540;2460030;29007;59979
2021-03-04;11173761;28992150;882779;2471942;29021;59998
2021-03-05;11192045;29060028;886094;2482522;29029;60007
2021-03-06;11210799;29121057;888748;2492079;29034;60020
2021-03-07;11229398;29162667;891117;2500182;29046;60033
2021-03-08;11244786;29206757;894883;2505193;29061;60046
2021-03-09;11262707;29262259;897914;2509445;29074;60052
2021-03-10;11285561;29320032;901124;2518591;29090;60062
2021-03-11;11308846;29381820;904562;2532947;29102;60070
2021-03-12;11333728;29444421;908333;2545781;29112;60080
2021-03-13;11359048;29501241;911149;2558455;29117;60088
2021-03-14;11385339;29540515;913552;2569245;29130;60105
2021-03-15;11409831;29591547;917437;2575849;29137;60117
2021-03-16;11438734;29645614;920915;2581329;29154;60128
2021-03-17;11474605;29704888;924545;2594764;29166;60137
2021-03-18;11514331;29767278;928472;2612268;29183;60152
2021-03-19;11555284;29828910;932819;2629750;29192;60167
2021-03-20;11599130;29887777;936138;2645783;29196;60184
2021-03-21;11646081;29923155;939245;2659516;29206;60196
2021-03-22;11686796;29970579;944332;2667225;29211;60208
2021-03-23;11734058;30023437;948376;2674710;29221;60221
2021-03-24;11787534;30111195;953373;2690523;29230;60236
2021-03-25;11846652;30178821;958540;2713180;29239;60253
2021-03-26;11908910;30255191;964151;2734753;29252;60265
2021-03-27;11971624;30319246;968273;2755225;29259;60288
2021-03-28;12039644;30365566;972301;2772401;29276;60300
2021-03-29;12095855;30431438;978910;2782273;29296;60321
2021-03-30;12149335;30493127;984144;2791822;29304;60347
2021-03-31;12221665;30562657;990662;2808873;29322;60381
2021-04-01;12303131;30639513;997016;2833173;29333;60407
2021-04-02;12392260;30713536;1001635;2855061;29341;60450
2021-04-03;12485509;30778416;1007597;2873190;29348;60468
2021-04-04;12589067;30816339;1011978;2885386;29357;60478
2021-04-05;12686049;30883426;1019494;2893883;29365;60495
2021-04-06;12801785;30946252;1030673;2900768;29379;60519
2021-04-07;12928574;31022028;1038829;2910445;29385;60554
2021-04-08;13060542;31102094;1047704;2930852;29390;60575
2021-04-09;13205926;31186847;1056897;2956316;29396;60601
2021-04-10;13358805;31257382;1064862;2980413;29405;60633
2021-04-11;13527717;31304838;1072047;2998268;29419;60653
2021-04-12;13689453;31367021;1082418;3011513;29429;60678
2021-04-13;13873825;31447860;1090614;3022323;29450;60692
2021-04-14;14074564;31523464;1099978;3044016;29469;60719
2021-04-15;14291917;31597446;1109734;3073442;29484;60735
2021-04-16;14526609;31680918;1118002;3099273;29499;60769
2021-04-17;14788003;31736405;1125830;3123077;29519;60808
2021-04-18;15061805;31780231;1133021;3142262;29533;60831
2021-04-19;15320972;31838777;1142625;3153699;29556;60851
2021-04-20;15616130;31901217;1150528;3163308;29576;60865
2021-04-21;15930774;31965563;1158744;3188192;29594;60880
2021-04-22;16263695;32032282;1167777;3217710;29638;60904
2021-04-23;16610481;32095177;1176003;3245253;29653;60943
2021-04-24;16960172;32150148;1183187;3268645;29663;60966
2021-04-25;17313163;32184916;1189788;3287418;29680;61006
2021-04-26;17636186;32227203;1198434;3299325;29717;61051
2021-04-27;17997113;32279484;1205937;3310301;29750;61063
2021-04-28;18376421;32334670;1214206;3332532;29773;61086
2021-04-29;18762976;32393496;1222564;3357268;29798;61121
2021-04-30;19164969;32451598;1230530;3381597;29811;61145
2021-05-01;19557457;32500374;1238296;3400532;29824;61179
2021-05-02;19925517;32530930;1244435;3416822;29838;61218
2021-05-03;20282833;32575552;1252750;3425982;29850;61235
2021-05-04;20664979;32618447;1259651;3433516;29865;61252
2021-05-05;21077410;32664490;1267370;3451550;29884;61268
2021-05-06;21491598;32710669;1275453;3473503;29893;61286
2021-05-07;21892676;32759084;1283199;3491988;29906;61311
2021-05-08;22296081;32794738;1289678;3507673;29922;61331
2021-05-09;22662575;32817608;1295213;3520329;29931;61359
2021-05-10;22992517;32849984;1302154;3527251;29938;61378
2021-05-11;23340938;32885461;1308236;3533376;29946;61403
2021-05-12;23703665;32921612;1314850;3548285;29955;61419
2021-05-13;24046809;32960348;1321202;3565704;29957;61453
2021-05-14;24372907;33002565;1327214;3577040;29964;61505
2021-05-15;24684077;33033322;1332007;3584934;29975;61536
2021-05-16;24965463;33051014;1336276;3593434;29978;61585
2021-05-17;25228996;33076256;1341268;3598846;29983;61613
2021-05-18;25496330;33105171;1345649;3603055;29992;61651
2021-05-19;25772440;33134775;1350639;3614095;29995;61689
2021-05-20;26031991;33164990;1355117;3626393;29999;61730
2021-05-21;26289290;33193815;1359588;3635162;30003;61770
2021-05-22;26530132;33215028;1363020;3642244;30007;61799
2021-05-23;26752447;33228813;1365851;3648958;30019;61824
2021-05-24;26948874;33250684;1368224;3651640;30029;61860
2021-05-25;27157795;33275274;1371721;3653551;30046;61890
2021-05-26;27369093;33299870;1374572;3656177;30063;61916
2021-05-27;27555457;33326711;1377598;3662490;30074;61940
2021-05-28;27729247;33348953;1380542;3669870;30083;61970
2021-05-29;27894800;33362264;1382890;3675296;30096;62003
2021-05-30;28047534;33369618;1384742;3679148;30105;62028
2021-05-31;28175044;33375892;1387091;3681126;30118;62051
2021-06-01;28307832;33396745;1388921;3682911;30124;62069
2021-06-02;28441986;33413457;1391117;3687828;30137;62100
2021-06-03;28574350;33431853;1393272;3692468;30141;62145
2021-06-04;28694879;33449718;1395085;3695633;30157;62158
2021-06-05;28809339;33465322;1396586;3697927;30173;62176
2021-06-06;28909975;33471338;1397774;3700367;30191;62196
2021-06-07;28996473;33485408;1399237;3701484;30205;62210
2021-06-08;29089069;33498448;1400611;3702688;30210;62219
2021-06-09;29182532;33517013;1402184;3705942;30225;62223
2021-06-10;29274823;33531794;1403622;3709129;30228;62236
2021-06-11;29359155;33556945;1404971;3711569;30234;62245
2021-06-12;29439989;33566105;1406133;3713480;30248;62263
2021-06-13;29510410;33571375;1407055;3714969;30262;62276
2021-06-14;29570881;33583161;1408107;3715518;30273;62301
2021-06-15;29633105;33593891;1409077;3716170;30286;62315
2021-06-16;29700313;33605799;1410095;3717625;30301;62339
2021-06-17;29762793;33617562;1411193;3718955;30309;62366
2021-06-18;29823546;33638744;1412182;3720031;30322;62382
2021-06-19;29881772;33647796;1412925;3721139;30331;62403
2021-06-20;29935221;33652753;1413544;3721981;30355;62414
2021-06-21;29977861;33663308;1414228;3722327;30366;62430
2021-06-22;30028709;33674104;1414880;3722782;30380;62448
2021-06-23;30082778;33686769;1415589;3723798;30404;62470
2021-06-24;30134445;33701245;1416297;3724806;30424;62493
2021-06-25;30183143;33725847;1416935;3725580;30457;62513
2021-06-26;30233183;33735216;1417455;3726172;30499;62530
2021-06-27;30279331;33739840;1417858;3726710;30528;62544
2021-06-28;30316897;33753423;1418570;3726929;30560;62553
2021-06-29;30362848;33760900;1419198;3727333;30602;62563
2021-06-30;30411634;33776252;1419748;3728141;30643;62579
2021-07-01;30458251;33791371;1420024;3729033;30684;62589
2021-07-02;30502362;33821128;1420680;3729682;30734;62599
2021-07-03;30545433;33826542;1421065;3730353;30753;62606
2021-07-04;30585229;33830826;1421358;3730912;30804;62617
2021-07-05;30619932;33839728;1421931;3731124;30831;62630
2021-07-06;30663665;33862010;1422336;3731564;30861;62640
2021-07-07;30709557;33882188;1422896;3732549;30903;62652
2021-07-08;30752950;33903053;1423419;3733519;30951;62668
2021-07-09;30795716;33950646;1423953;3734468;31015;62678
2021-07-10;30837222;33960765;1424300;3735420;31100;62684
2021-07-11;30874376;33972512;1424569;3736165;31221;62692
2021-07-12;30907282;34001934;1425023;3736489;31323;62718
2021-07-13;30946147;34028465;1425388;3737135;31429;62744
2021-07-14;30987880;34059590;1425712;3738683;31513;62804
2021-07-15;31026829;34091550;1426159;3740325;31626;62852
2021-07-16;31064908;34169659;1426525;3741781;31771;62913
2021-07-17;31106065;34183761;1426872;3743389;31899;62981
2021-07-18;31144229;34204090;1427163;3744681;32016;63073
2021-07-19;31174322;34252933;1427728;3745227;32120;63245
2021-07-20;31216337;34292659;1428083;3746410;32266;63440
2021-07-21;31257720;34340395;1428621;3748613;32426;63621
2021-07-22;31293062;34396919;1429015;3750503;32582;63791
2021-07-23;31332159;34517720;1429610;3752592;32753;63924
2021-07-24;31371901;34546464;1429984;3754511;32918;64054
2021-07-25;31411262;34574435;1430278;3755898;33082;64179
2021-07-26;31440951;34653808;1431222;3756856;33266;64314
2021-07-27;31484605;34718806;1431816;3758401;33473;64453
2021-07-28;31528114;34792382;1432659;3761169;33726;64589
2021-07-29;31572344;34864925;1433590;3764311;33909;64722
2021-07-30;31613993;35056367;1434495;3766765;34130;64861
2021-07-31;31655824;35100259;1434967;3769165;34383;64981
2021-08-01;31695958;35144826;1435347;3771262;34612;65102
2021-08-02;31726507;35253185;1435683;3772109;34836;65213
2021-08-03;31769132;35350937;1437713;3773875;35089;65315
2021-08-04;31812114;35453382;1438806;3777446;35391;65410
2021-08-05;31856757;35563070;1440396;3780985;35698;65508
2021-08-06;31895385;35814965;1442021;3784433;36051;65605
2021-08-07;31934455;35877968;1442740;3787639;36328;65686
2021-08-08;31969954;35912844;1443469;3790766;36630;65764
2021-08-09;31998158;36072629;1446326;3791949;37010;65836
2021-08-10;32036511;36190428;1447743;3794429;37377;65836
2021-08-11;32077706;36344881;1449822;3799425;37749;65953
2021-08-12;32117826;36488965;1451984;3805063;38165;66012
2021-08-13;32156493;36715771;1454422;3810641;38658;66061
2021-08-14;32192576;36788837;1455494;3816285;39097;66119
2021-08-15;32225513;36835624;1456423;3821013;39615;66172
2021-08-16;32250679;37029979;1460340;3823139;40097;66225
2021-08-17;32285857;37180569;1462314;3827051;40774;66281
2021-08-18;32322258;37348166;1464910;3835375;41521;66334
2021-08-19;32358829;37503386;1467812;3843775;42228;66366
2021-08-20;32393286;37742459;1470842;3853055;43119;66406
2021-08-21;32424234;37834655;1472306;3861147;44026;66443
2021-08-22;32449306;37878856;1473497;3868197;44920;66478
2021-08-23;32474773;38087078;1478305;3871865;45754;66576
2021-08-24;32512366;38241542;1480796;3877612;46725;66692
2021-08-25;32558530;38420523;1484267;3889173;47840;66812
2021-08-26;32603188;38604289;1487821;3901799;48816;66928
2021-08-27;32649947;38842961;1491589;3913828;49935;66928
2021-08-28;32695030;38921848;1493265;3924131;51256;67171
2021-08-29;32737939;38973857;1494699;3932547;52611;67171
2021-08-30;32768880;39203068;1501089;3937106;53868;67459
2021-08-31;32810845;39383028;1504281;3942856;55093;67620
2021-09-01;32857937;39573544;1508281;3956387;56560;67800
2021-09-02;32903289;39752681;1512341;3970102;58208;67991
2021-09-03;32945907;39988120;1516567;3984353;59949;68210
2021-09-04;32988673;40074029;1518280;3995188;61619;68469
2021-09-05;33027621;40137531;1520081;4005641;63155;68660
2021-09-06;33058843;40231261;1521585;4010390;64621;68901
2021-09-07;33096718;40440426;1530657;4017116;66317;69233
2021-09-08;33139981;40617352;1534594;4030681;68042;69582
2021-09-09;33174954;40783770;1538824;4046112;69912;70039
2021-09-10;33208330;41025780;1543470;4059081;71987;70612
2021-09-11;33236921;41114909;1544598;4070295;73603;71167
2021-09-12;33264175;41163260;1547391;4077640;75323;71687
2021-09-13;33289579;41374036;1556081;4083151;76901;72294
2021-09-14;33316755;41519437;1560385;4089476;78544;73131
2021-09-15;33347325;41692687;1564842;4101931;80400;73938
2021-09-16;33381728;41851462;1569479;4114856;82200;74848
2021-09-17;33417390;42062321;1574529;4125878;84056;75783
2021-09-18;33448163;42137291;1576527;4134779;85628;76792
2021-09-19;33478419;42182161;1578344;4142116;87128;77804
2021-09-20;33504534;42353961;1586910;4145852;88710;78721
2021-09-21;33531498;42475697;1590781;4150516;90369;79899
2021-09-22;33563421;42607048;1594918;4160970;92178;81356
2021-09-23;33594803;42736215;1599490;4171666;93942;82860
2021-09-24;33624419;42910979;1604017;4181393;95807;84510
2021-09-25;33652745;42971473;1605270;4188604;97559;85953
2021-09-26;33678786;43025787;1606382;4196378;99031;87892
2021-09-27;33697581;43181731;1617233;4199400;100911;89539
2021-09-28;33716451;43294479;1620860;4203571;102723;91775
2021-09-29;33739980;43415866;1625278;4215351;105123;94043
2021-09-30;33766707;43526251;1629026;4227501;107181;96521
2021-10-01;33791061;43681079;1634218;4237619;109516;99430
2021-10-02;33813903;43729282;1636090;4246136;111388;101786
2021-10-03;33834702;43774060;1637554;4252300;113411;103843
2021-10-04;33853048;43916968;1645467;4255388;115800;106318
2021-10-05;33871881;44012201;1648385;4260187;117826;109804
2021-10-06;33894312;44124376;1652230;4271734;120042;113381
2021-10-07;33915569;44225899;1656378;4283378;122566;116864
2021-10-08;33935309;44357312;1660492;4293807;125081;120454
2021-10-09;33953475;44396139;1662247;4302661;127471;124157
2021-10-10;33971607;44435809;1663816;4310273;129567;126966
2021-10-11;33985920;44531870;1665194;4313384;131415;129229
2021-10-12;34001743;44642473;1672232;4318355;133444;132205
2021-10-13;34020730;44750935;1674947;4330258;136188;135395
2021-10-14;34037592;44837882;1678302;4342640;138720;138327
2021-10-15;34053573;44947361;1681744;4354158;141031;141772
2021-10-16;34067719;44987145;1683342;4365107;143204;145120
2021-10-17;34081315;45018803;1684634;4373789;145263;148178
2021-10-18;34094373;45117755;1690009;4377845;147301;150731
2021-10-19;34108996;45199673;1692312;4384616;149398;154725
2021-10-20;34127450;45291291;1695100;4401631;151942;158587
2021-10-21;34143236;45369371;1697970;4417708;154489;162026
2021-10-22;34159562;45465322;1700545;4437280;156372;165663
2021-10-23;34175468;45497743;1702323;4452425;158546;169261
2021-10-24;34189774;45516913;1703819;4466157;160230;172644
2021-10-25;34202202;45629482;1707136;4472730;162016;175818
2021-10-26;34215653;45696138;1708966;4483203;163866;179095
2021-10-27;34231809;45798700;1711623;4506415;165904;184419
2021-10-28;34246157;45873796;1714281;4534452;167790;187851
2021-10-29;34260470;45968900;1716815;4559120;169379;192099
2021-10-30;34273300;46003195;1718603;4580663;170564;195211
2021-10-31;34285814;46035518;1720166;4597550;172030;198374
2021-11-01;34296237;46148773;1723169;4607208;173165;200844
2021-11-02;34308140;46217520;1725122;4618021;174276;204340
2021-11-03;34321025;46303113;1727519;4638419;175813;207975
2021-11-04;34333754;46384549;1730199;4672368;177393;210978
2021-11-05;34344683;46481408;1732770;4709488;178927;212745
2021-11-06;34355509;46516269;1734202;4743490;180314;215780
2021-11-07;34366987;46553096;1735435;4767033;181578;218333
2021-11-08;34377113;46663845;1739955;4782546;182870;220803
2021-11-09;34388579;46742201;1742460;4804378;184071;224200
2021-11-10;34401670;46837271;1745188;4844054;185627;227681
2021-11-11;34414186;46894913;1746806;4894250;187041;230077
2021-11-12;34426036;47038424;1750634;4942890;188493;233176
2021-11-13;34437307;47082375;1752129;4987971;189608;235480
2021-11-14;34447536;47114287;1753430;5021469;190603;237203
2021-11-15;34456401;47248323;1757456;5045076;191617;239272
2021-11-16;34466598;47335593;1759563;5077124;192845;241341
2021-11-17;34478517;47448437;1762176;5129950;194112;244815
2021-11-18;34489623;47558263;1765014;5195321;195617;244815
2021-11-19;34499925;47685139;1767769;5248291;196977;248587
2021-11-20;34510413;47730499;1769635;5312215;198442;250518
2021-11-21;34518901;47770331;1771105;5354942;199649;252188
2021-11-22;34526480;47914947;1775270;5385585;200651;253649
2021-11-23;34535763;48006291;1777648;5430911;202115;255431
2021-11-24;34544882;48117869;1780445;5497795;203642;257510
2021-11-25;34555431;48157187;1784842;5573756;205269;258785
2021-11-26;34563749;48210607;1787867;5650170;206749;259875
2021-11-27;34572523;48237146;1790069;5717295;207984;261636
2021-11-28;34580832;48280295;1791803;5761696;209139;262383
2021-11-29;34587822;48466589;1795577;5791060;210238;263486
2021-11-30;34596776;48583698;1798195;5836813;211655;264725
2021-12-01;34606541;48720812;1801612;5903999;213357;266049
2021-12-02;34615757;48859665;1804994;5977208;214879;267150
2021-12-03;34624360;49018275;1808630;6051560;216587;267916
2021-12-04;34624360;49084617;1811253;6116070;217836;268659
2021-12-05;34641561;49139801;1813563;6158125;219121;269211
2021-12-06;34648383;49317487;1818250;6185961;220555;269873
2021-12-07;34656822;49430748;1821505;6222020;222260;270588
2021-12-08;34666241;49580656;1825442;6291621;223914;271297
2021-12-09;34674643;49705186;1829958;6362232;225625;271979
2021-12-10;34682633;49863398;1833043;6423520;227382;272433
2021-12-11;34690510;49919985;1838786;6477217;228925;272992
2021-12-12;34697860;49972294;1842317;6509863;230768;273362
2021-12-13;34703644;50157780;1848420;6531606;232738;273701
2021-12-14;34710628;50270600;1853660;6562429;235547;274143
2021-12-15;34718602;50416449;1860841;6613730;238970;274617
2021-12-16;34726049;50558179;1868764;6670407;242772;274972
2021-12-17;34726049;50750830;1878782;6721375;246789;275384
2021-12-18;34733194;50830588;1887086;6764188;250651;275655
2021-12-19;34746838;50919788;1895472;6793536;254682;275910
2021-12-20;34752164;51159829;1910922;6809622;259174;276105
2021-12-21;34758481;51339243;1925063;6833050;264705;276385
2021-12-22;34765976;51582986;1943963;6878709;273062;276720
2021-12-23;34772626;51852747;1969928;6923636;281280;277042
2021-12-24;34779815;52101269;1995112;6959067;291135;277307
2021-12-25;34786802;52187934;2014138;6981281;300594;277555
2021-12-26;34793333;52366323;2032312;6991381;310478;277764
2021-12-27;34799691;52866887;2054700;7005289;322275;278044
2021-12-28;34808886;53228918;2082785;7026369;339953;278409
2021-12-29;34822040;53731027;2137845;7066412;361322;278750
2021-12-30;34838804;54321726;2180799;7109182;395133;279061
2021-12-31;34861579;54835354;2223735;7150422;425496;279405
2022-01-01;34889132;55024126;2256747;7176814;462955;279861
2022-01-02;34922882;55310096;2286735;7189329;492563;280290
2022-01-03;34960261;56355070;2323056;7207847;537308;280754
2022-01-04;35018358;57167306;2372323;7238408;608803;281596
2022-01-05;35109286;57829942;2412242;7297320;684229;282401
2022-01-06;35226386;58664955;2454121;7361660;762458;283214
2022-01-07;35368372;59534710;2499612;7417995;860550;283214
2022-01-08;35528004;59932402;2528644;7473884;972457;284802
2022-01-09;35707727;60417433;2554916;7510436;1045291;285647
2022-01-10;35875790;61801333;2613377;7535691;1139097;286397
2022-01-11;36070510;62588719;2646228;7581381;1223505;287243
2022-01-12;36317927;63437343;2681101;7661811;1398776;288125
2022-01-13;36582129;64298675;2712688;7743228;1526961;289085
2022-01-14;36850962;65178708;2753198;7835451;1613249;290030
2022-01-15;37122164;65587016;2771345;7913473;1726116;290986
2022-01-16;37380253;66066797;2786622;7965977;1786007;291849
2022-01-17;37618271;66741922;2828029;8000122;1870362;293014
2022-01-18;37901241;67871399;2848893;8074527;1954977;294462
2022-01-19;38218773;68779525;2872365;8186850;2022581;296077
2022-01-20;38566027;69512096;2895331;8320386;2086522;297549
2022-01-21;38903731;70353154;2916524;8460546;2129688;307813
2022-01-22;39237264;70655641;2930307;8596007;2196870;310276
2022-01-23;39543328;71021085;2935575;8681447;2229104;313772
2022-01-24;39799202;71943222;2955087;8744840;2287126;316774
2022-01-25;40085116;72436298;2984054;8871795;2340046;322770
2022-01-26;40371500;73113413;2991708;9035795;2391062;327602
2022-01-27;40622709;73620599;3020108;9238931;2457285;333071
2022-01-28;40858241;74235488;3036647;9429079;2523265;338625
2022-01-29;41092522;74414100;3045083;9618245;2570523;343832
2022-01-30;41302440;74612056;3052373;9737215;2607242;348330
2022-01-31;41469499;75155545;3073654;9815533;2580386;352811
2022-02-01;41630885;75481455;3085591;9978146;2620532;359075
2022-02-02;41803318;75811583;3100943;10186644;2644760;362176
2022-02-03;41952712;76087053;3114115;10422764;2676939;366473
2022-02-04;42080664;76442998;3127213;10671602;2704275;379681
2022-02-05;42188138;76529420;3133836;10889417;2727260;379681
2022-02-06;42272014;76612894;3139239;11022590;2752507;390071
2022-02-07;42339611;76960236;3155289;11117857;2779880;405629
2022-02-08;42410976;77174893;3165329;11287428;2811390;418640
2022-02-09;42478060;77363564;3175654;11521678;2822873;428954
2022-02-10;42536137;77535327;3186035;11769540;2854123;439640
2022-02-11;42586544;77745055;3193438;12009712;2876687;449570
2022-02-12;42631421;77796920;3203282;12219501;2902294;460075
2022-02-13;42665534;77855243;3206897;12344661;2914583;469495
2022-02-14;42692943;78025833;3219086;12421126;2945496;478577
2022-02-15;42723558;78137184;3225542;12580343;2969890;497997
2022-02-16;42754315;78252179;3233298;12800315;2967316;514880
2022-02-17;42780235;78354112;3240493;13035941;2990045;533425
2022-02-18;42802505;78499431;3247240;13255989;3013262;551519
2022-02-19;42822473;78530836;3250784;13445094;3030638;576355
2022-02-20;42838524;78553839;3253232;13563126;3048857;582638
2022-02-21;42851929;78636952;3256889;13636993;3074020;596261
2022-02-22;42867031;78726482;3264880;13762895;3099249;622293
2022-02-23;42881179;78811740;3274692;13971947;3124101;642605
2022-02-24;42894345;78878913;3280453;14188269;3150771;661198
2022-02-25;42905844;78953372;3289085;14399012;3170574;679795
2022-02-26;42916117;79000783;3290897;14574845;3188117;696652
2022-02-27;42924130;79019006;3294481;14682758;3209599;710880
2022-02-28;42931045;79117923;3302400;14745107;3235017;724424
2022-03-01;42938599;79164626;3307510;14867218;3256772;748504
2022-03-02;42945160;79218222;3313423;15053624;3296784;767663
2022-03-03;42951556;79266899;3321778;15264297;3321943;785825
2022-03-04;42957477;79318216;3331281;15481890;3344659;803389
2022-03-05;42962953;79333135;3334478;15674100;3362035;819663
2022-03-06;42967315;79345532;3337091;15790989;3384217;832821
2022-03-07;42971308;79409682;3345546;15869417;3429179;846341
2022-03-08;42975883;79439490;3349699;16026216;3459870;846341
2022-03-09;42980067;79477236;3356440;16242070;3496205;885593
2022-03-10;42984261;79523851;3362047;16504822;3527894;901758
2022-03-11;42987875;79573570;3370105;16757658;3562971;917103
2022-03-12;42990991;79583788;3371929;16994744;3596466;929735
2022-03-13;42993494;79594838;3373322;17141351;3622906;939436
2022-03-14;42996062;79630270;3377844;17233729;3651709;948478
2022-03-15;42998938;79654662;3386875;17432617;3706018;964329
2022-03-16;43001477;79700813;3392165;17695210;3763166;975607
2022-03-17;43004005;79754008;3396364;17990141;3812332;986320
2022-03-18;43006080;79785391;3399704;18287986;3859284;996914
2022-03-19;43007841;79796268;3402711;18548225;3900138;1007158
2022-03-20;43009390;79807717;3404964;18680017;3943368;1015017
2022-03-21;43010971;79850024;3413117;18772331;3996431;1022555
2022-03-22;43012749;79874602;3422583;18994411;4053987;1035721
2022-03-23;43014687;79915628;3429407;19278143;4113691;1044661
2022-03-24;43016372;79958634;3436460;19596530;4180473;1053139
2022-03-25;43018032;80005086;3445404;19893028;4228461;1060723
2022-03-26;43019453;80014520;3449778;20145054;4275210;1067157
2022-03-27;43020723;80026310;3453432;20256278;4326181;1067157
2022-03-28;43021982;80065310;3459582;20323779;4381919;1072005
2022-03-29;43023215;80089499;3470143;20561131;4447442;1085094
2022-03-30;43024440;80128697;3481119;20829608;4507681;1090823
2022-03-31;43025775;80174366;3489910;21357095;4573066;1096428
2022-04-01;43027035;80206601;3502380;21357039;4628163;1101438
2022-04-02;43028131;80218402;3509394;21553495;4676260;1106001
2022-04-03;43029044;80223157;3511975;21668677;4716870;1109744
2022-04-04;43029839;80252108;3512535;21668677;4772414;1109744
2022-04-05;43030925;80277777;3521439;21849074;4848211;1119419
2022-04-06;43031958;80318757;3530991;22265788;4910819;1123886
2022-04-07;43033067;80369413;3537010;22441051;4971300;1128155
2022-04-08;43034217;80444466;3537010;22591726;5020617;1132169
2022-04-09;43035271;80457185;3552577;22647197;5059642;1135428
2022-04-10;43036132;80466719;3552577;22677986;5108366;1138001
2022-04-11;43036928;80507105;3552709;22878428;5154633;1140569
2022-04-12;43038016;80542883;3552709;23017079;5207650;1145121
2022-04-13;43039023;80598324;3616387;23182447;5262359;1148656
2022-04-14;43039972;80649056;3635332;23339311;5308858;1152177
2022-04-15;43040947;80684507;3627286;23376879;5345438;1155581
2022-04-16;43042097;80696851;3643973;23416663;5384615;1157251
2022-04-17;43044280;80704358;3645911;23437145;5416980;1160300
2022-04-18;43045527;80765855;3657885;23459628;5459012;1162780
2022-04-19;43047594;80805166;3665778;23658211;5509592;1167498
2022-04-20;43049974;80874153;3679211;23844536;5563493;1170970
2022-04-21;43052425;80935910;3689726;24006254;5613341;1174390
2022-04-22;43054952;81026005;3707016;24141333;5650550;1177415
2022-04-23;43057545;81045753;3711767;24180512;5685602;1180124
2022-04-24;43060086;81059259;3716424;24200596;5719311;1182168
2022-04-25;43060097;81129565;3720307;24337394;5756791;1184226
2022-04-26;43065496;81174986;3727897;24337394;5796700;1187914
2022-04-27;43068799;81265076;3740982;24609159;5847576;1187914
2022-04-28;43072176;81342502;3749479;24710769;5889356;1187914
2022-04-29;43075864;81403779;3761708;24798067;5927528;1193250
2022-04-30;43079188;81427789;3765164;24809785;5953142;1193250
2022-05-01;43082345;81444510;3767783;24813817;5992359;1193250
2022-05-02;43084913;81539336;3770449;24927339;6030240;1200976
2022-05-03;43088118;81589041;3776005;25033970;6072564;1202546
2022-05-04;43091393;81701176;3786803;25130137;6130822;1202546
2022-05-05;43094938;81789869;3793942;25215210;6171633;1208917
2022-05-06;43098743;81918770;3802912;25287462;6207668;1212337
2022-05-07;43102194;81946624;3805370;25295950;6246474;1215499
2022-05-08;43105401;81952416;3807514;25299300;6286931;1217922
2022-05-09;43107689;82082654;3809685;25406868;6334964;1220193
2022-05-10;43110586;82153069;3814073;25503878;6392018;1225024
2022-05-11;43113413;82313425;3822281;25592839;6449366;1228914
2022-05-12;43116254;82427596;3827766;25661838;6496882;1232559
2022-05-13;43119112;82515128;3835537;25723697;6548368;1236850
2022-05-14;43121599;82532231;3836335;25729848;6590066;1240233
2022-05-15;43123801;82564371;3836969;25732153;6635840;1242884
2022-05-16;43125370;82743304;3837943;25818405;6703295;1245007
2022-05-17;43127199;82828058;3844271;25890456;6759756;1247671
2022-05-18;43129563;83031988;3850312;25949175;6813741;1254113
2022-05-19;43131822;83167350;3854742;25998085;6863970;1258691
2022-05-20;43134145;83316600;3860575;26040460;6910455;1263033
2022-05-21;43136371;83343542;3861958;26044283;6948967;1266808
2022-05-22;43138393;83363145;3863053;26045528;6983054;1269635
2022-05-23;43140068;83505856;3863389;26109965;7025922;1272386
2022-05-24;43142192;83589069;3865444;26159106;7071714;1278113
2022-05-25;43144820;83799341;3869993;26198811;7117742;1282280
2022-05-26;43147530;83945049;3873780;26200663;7157305;1286216
2022-05-27;43150215;84053291;3879050;26240639;7189926;1290046
2022-05-28;43153043;84066044;3880240;26243352;7216803;1293369
2022-05-29;43155749;84071868;3881220;26244107;7242719;1295920
2022-05-30;43158087;84132799;3882134;26305996;7276695;1298309
2022-05-31;43160832;84303372;3884160;26360953;7312408;1303294
2022-06-01;43164544;84531044;3888672;26409455;7346124;1306871
2022-06-02;43168585;84652971;3891759;26452148;7378021;1310616
2022-06-03;43172547;84810779;3895259;26493235;7405542;1313849
2022-06-04;43176817;84837248;3896919;26493235;7425669;1316728
2022-06-05;43181335;84852143;3897791;26496611;7448922;1318984
2022-06-06;43185049;85015109;3898661;26498361;7476425;1321146
2022-06-07;43190282;85101971;3901597;26583016;7509648;1325623
2022-06-08;43197522;85301375;3905339;26660652;7542081;1329225
2022-06-09;43205106;85444505;3907653;26738530;7571629;1332656
2022-06-10;43213435;85552274;3912417;26803867;7597714;1335625
2022-06-11;43222017;85586276;3916335;26803867;7614107;1338753
2022-06-12;43230101;85602852;3917756;26809245;7634987;1341256
2022-06-13;43236695;85757481;3918616;26915085;7660750;1343645
2022-06-14;43245517;85847606;3921033;27007429;7691710;1348775
2022-06-15;43257730;86032537;3923353;27096571;7724035;1352681
2022-06-16;43270577;86162722;3926127;27124689;7753800;1355801
2022-06-17;43283793;86302130;3927884;27204953;7778643;1360780
2022-06-18;43296692;86318609;3931364;27204955;7801241;1364562
2022-06-19;43309473;86335537;3931364;27211896;7825659;1367761
2022-06-20;43319396;86432318;3932637;27334993;7854915;1370981
2022-06-21;43331645;86544207;3935067;27454225;7887810;1378090
2022-06-22;43344958;86729709;3938040;27573585;7919844;1383952
2022-06-23;43362294;86879073;3942808;27681775;7945726;1390558
2022-06-24;43378234;86996892;3945083;27771111;7978875;1397074
2022-06-25;43389973;87036530;3948562;27771112;8000312;1403242
2022-06-26;43407046;87057610;3949244;27771911;8026309;1408358
2022-06-27;43418839;87221641;3950117;27914240;8057729;1413667
2022-06-28;43433345;87318894;3953552;28048190;8081866;1425171
2022-06-29;43452164;87509243;3956171;28180861;8130927;1434563
2022-06-30;43469234;87676928;3962334;28293960;8164673;1444068
2022-07-01;43486326;87834048;3963763;28392629;8194909;1453155
2022-07-02;43502429;87853046;3967805;28392630;8225124;1461107
2022-07-03;43518564;87860328;3968731;28394995;8254847;1467234
2022-07-04;43531650;87940775;3969063;28542484;8291399;1473180
2022-07-05;43547809;88080932;3975062;28673212;8334802;1485964
2022-07-06;43566739;88281522;3976097;28808614;8377932;1495953
2022-07-07;43585554;88423604;3984864;28926346;8419675;1505938
2022-07-08;43604394;88561936;3988430;29022265;8453587;1515222
2022-07-09;43622651;88589359;3989890;29022265;8488317;1523881
2022-07-10;43639329;88612306;3990961;29025760;8516847;1530304
2022-07-11;43652944;88814500;3991994;29180489;8561571;1534799
2022-07-12;43669850;88961757;3995331;29308100;8605986;1540778
2022-07-13;43689989;89165157;4000304;29460249;8653081;1557648
2022-07-14;43710027;89339379;4018403;29569943;8691850;1569420
2022-07-15;43730071;89489222;4024060;29692989;8734573;1579946
2022-07-16;43750599;89528673;4026044;29692989;8773487;1589099
2022-07-17;43767534;89556403;4026044;29692989;8811274;1596046
2022-07-18;43783062;89721856;4026069;29853680;8863247;1602273
2022-07-19;43801678;89837983;4036848;29994679;8912149;1616067
2022-07-20;43824728;90053464;4040958;30131303;8967138;1626360
2022-07-21;43847065;90207453;4051382;30239122;9018965;1636109
2022-07-22;43868476;90374094;4059876;30331131;9065275;1645092
2022-07-23;43888755;90398709;4061530;30331133;9103321;1652981
2022-07-24;43905621;90410386;4062808;30331133;9136110;1659156
2022-07-25;43920451;90567290;4064084;30476605;9185736;1664707
2022-07-26;43938764;90733888;4071469;30598385;9235196;1677126
2022-07-27;43959321;90973418;4074977;30702511;9282271;1685889
